[
  {
    "id": 1,
    "title": "How to Solve Love Problems with Astrology",
    "date": "2025-07-10",
    "author": "Muslim Astrologer",
    "excerpt": "Discover powerful astrological remedies to bring back your lost love, resolve misunderstandings, and strengthen relationships.",
    "image": "/assets/images/blog-love.jpg",
    "url": "/blog/post-template.html?id=1"
  },
  {
    "id": 2,
    "title": "Removing Black Magic: Proven Spiritual Solutions",
    "date": "2025-07-05",
    "author": "Muslim Astrologer",
    "excerpt": "Learn how to identify and remove black magic effects with time-tested spiritual remedies and protection rituals.",
    "image": "/assets/images/blog-black-magic.jpg",
    "url": "/blog/post-template.html?id=2"
  },
  {
    "id": 3,
    "title": "Daily Horoscope: What’s Written in Your Stars?",
    "date": "2025-07-01",
    "author": "Muslim Astrologer",
    "excerpt": "Find out what the stars have planned for your career, relationships, and future with our daily horoscope guide.",
    "image": "/assets/images/blog-horoscope.jpg",
    "url": "/blog/post-template.html?id=3"
  }
]
